year,state,county,contest,contest_type,precinct,registered,ballots_cast,turnout_rate,support_rate,vote_margin
2016,CA,Sonoma,presidential_2016,presidential,PCT_0001,1129,833,0.7385,0.6686,0.3372
2018,CA,Sonoma,gov_midterm_2018,midterm,PCT_0001,953,611,0.6413,0.7187,0.4373
2020,CA,Sonoma,presidential_2020,presidential,PCT_0001,906,624,0.6895,0.6571,0.3142
2022,CA,Sonoma,local_general_2022,local_general,PCT_0001,906,475,0.5245,0.5846,0.1692
2024,CA,Sonoma,prop_1_measure_2024,ballot_measure,PCT_0001,655,317,0.4842,0.6296,0.2593
2016,CA,Sonoma,presidential_2016,presidential,PCT_0002,1062,755,0.7109,0.4353,-0.1295
2018,CA,Sonoma,gov_midterm_2018,midterm,PCT_0002,1013,472,0.4664,0.4193,-0.1613
2020,CA,Sonoma,presidential_2020,presidential,PCT_0002,1022,592,0.5801,0.4653,-0.0693
2022,CA,Sonoma,local_general_2022,local_general,PCT_0002,879,415,0.4731,0.4165,-0.1671
2024,CA,Sonoma,prop_1_measure_2024,ballot_measure,PCT_0002,1370,667,0.487,0.3937,-0.2127
2016,CA,Sonoma,presidential_2016,presidential,PCT_0003,1164,581,0.4993,0.6742,0.3483
2018,CA,Sonoma,gov_midterm_2018,midterm,PCT_0003,608,239,0.3939,0.6736,0.3471
2020,CA,Sonoma,presidential_2020,presidential,PCT_0003,1147,652,0.5689,0.6579,0.3159
2022,CA,Sonoma,local_general_2022,local_general,PCT_0003,939,315,0.3364,0.6277,0.2555
2024,CA,Sonoma,prop_1_measure_2024,ballot_measure,PCT_0003,907,420,0.4632,0.6809,0.3618
2016,CA,Sonoma,presidential_2016,presidential,PCT_0004,647,361,0.5584,0.6515,0.3029
2018,CA,Sonoma,gov_midterm_2018,midterm,PCT_0004,1206,649,0.5388,0.5789,0.1578
2020,CA,Sonoma,presidential_2020,presidential,PCT_0004,938,571,0.6088,0.6697,0.3393
2022,CA,Sonoma,local_general_2022,local_general,PCT_0004,904,391,0.433,0.5656,0.1311
2024,CA,Sonoma,prop_1_measure_2024,ballot_measure,PCT_0004,760,367,0.4829,0.6887,0.3774
2016,CA,Sonoma,presidential_2016,presidential,PCT_0005,1072,840,0.7839,0.507,0.0139
2018,CA,Sonoma,gov_midterm_2018,midterm,PCT_0005,1307,933,0.7144,0.5671,0.1342
2020,CA,Sonoma,presidential_2020,presidential,PCT_0005,476,408,0.8573,0.4932,-0.0135
2022,CA,Sonoma,local_general_2022,local_general,PCT_0005,940,630,0.6708,0.3895,-0.221
2024,CA,Sonoma,prop_1_measure_2024,ballot_measure,PCT_0005,956,653,0.684,0.5628,0.1256
2016,CA,Sonoma,presidential_2016,presidential,PCT_0006,896,518,0.5782,0.3057,-0.3886
2018,CA,Sonoma,gov_midterm_2018,midterm,PCT_0006,1183,632,0.5351,0.3043,-0.3914
2020,CA,Sonoma,presidential_2020,presidential,PCT_0006,1102,687,0.6235,0.3792,-0.2416
2022,CA,Sonoma,local_general_2022,local_general,PCT_0006,859,388,0.4523,0.3112,-0.3776
2024,CA,Sonoma,prop_1_measure_2024,ballot_measure,PCT_0006,707,341,0.4834,0.3438,-0.3123
2016,CA,Sonoma,presidential_2016,presidential,PCT_0007,716,380,0.5311,0.4872,-0.0257
2018,CA,Sonoma,gov_midterm_2018,midterm,PCT_0007,839,372,0.444,0.5245,0.049
2020,CA,Sonoma,presidential_2020,presidential,PCT_0007,1377,772,0.5608,0.5172,0.0344
2022,CA,Sonoma,local_general_2022,local_general,PCT_0007,985,301,0.3061,0.503,0.0059
2024,CA,Sonoma,prop_1_measure_2024,ballot_measure,PCT_0007,1012,531,0.5252,0.4947,-0.0106
2016,CA,Sonoma,presidential_2016,presidential,PCT_0008,1060,689,0.6506,0.5334,0.0668
2018,CA,Sonoma,gov_midterm_2018,midterm,PCT_0008,1158,518,0.448,0.5659,0.1318
2020,CA,Sonoma,presidential_2020,presidential,PCT_0008,719,447,0.6228,0.6053,0.2106
2022,CA,Sonoma,local_general_2022,local_general,PCT_0008,801,332,0.4152,0.5008,0.0015
2024,CA,Sonoma,prop_1_measure_2024,ballot_measure,PCT_0008,899,328,0.3659,0.4992,-0.0016
2016,CA,Sonoma,presidential_2016,presidential,PCT_0009,816,669,0.821,0.3306,-0.3388
2018,CA,Sonoma,gov_midterm_2018,midterm,PCT_0009,935,639,0.6842,0.3082,-0.3836
2020,CA,Sonoma,presidential_2020,presidential,PCT_0009,1045,845,0.8089,0.2894,-0.4213
2022,CA,Sonoma,local_general_2022,local_general,PCT_0009,1036,628,0.6065,0.4088,-0.1823
2024,CA,Sonoma,prop_1_measure_2024,ballot_measure,PCT_0009,752,396,0.5275,0.3958,-0.2083
2016,CA,Sonoma,presidential_2016,presidential,PCT_0010,1059,828,0.7821,0.6236,0.2471
2018,CA,Sonoma,gov_midterm_2018,midterm,PCT_0010,1058,719,0.6804,0.7052,0.4105
2020,CA,Sonoma,presidential_2020,presidential,PCT_0010,1094,827,0.7566,0.6448,0.2896
2022,CA,Sonoma,local_general_2022,local_general,PCT_0010,805,567,0.7055,0.6699,0.3398
2024,CA,Sonoma,prop_1_measure_2024,ballot_measure,PCT_0010,835,596,0.7143,0.6326,0.2652
2016,CA,Sonoma,presidential_2016,presidential,PCT_0011,950,674,0.7096,0.4828,-0.0343
2018,CA,Sonoma,gov_midterm_2018,midterm,PCT_0011,836,537,0.6434,0.5444,0.0888
2020,CA,Sonoma,presidential_2020,presidential,PCT_0011,1055,832,0.7886,0.528,0.0559
2022,CA,Sonoma,local_general_2022,local_general,PCT_0011,1290,753,0.5841,0.6633,0.3267
2024,CA,Sonoma,prop_1_measure_2024,ballot_measure,PCT_0011,1125,623,0.5544,0.4738,-0.0524
2016,CA,Sonoma,presidential_2016,presidential,PCT_0012,1096,899,0.821,0.7173,0.4345
2018,CA,Sonoma,gov_midterm_2018,midterm,PCT_0012,1094,796,0.7285,0.6392,0.2785
2020,CA,Sonoma,presidential_2020,presidential,PCT_0012,697,564,0.8098,0.7244,0.4488
2022,CA,Sonoma,local_general_2022,local_general,PCT_0012,1042,645,0.6199,0.6902,0.3805
2024,CA,Sonoma,prop_1_measure_2024,ballot_measure,PCT_0012,1077,687,0.6379,0.6893,0.3785
2016,CA,Sonoma,presidential_2016,presidential,PCT_0013,1011,684,0.6774,0.7139,0.4278
2018,CA,Sonoma,gov_midterm_2018,midterm,PCT_0013,1112,765,0.6887,0.7487,0.4974
2020,CA,Sonoma,presidential_2020,presidential,PCT_0013,724,497,0.6876,0.7218,0.4435
2022,CA,Sonoma,local_general_2022,local_general,PCT_0013,1102,672,0.6103,0.8887,0.7773
2024,CA,Sonoma,prop_1_measure_2024,ballot_measure,PCT_0013,1114,714,0.6413,0.7437,0.4874
2016,CA,Sonoma,presidential_2016,presidential,PCT_0014,1130,879,0.7784,0.4234,-0.1533
2018,CA,Sonoma,gov_midterm_2018,midterm,PCT_0014,902,650,0.7211,0.5509,0.1019
2020,CA,Sonoma,presidential_2020,presidential,PCT_0014,626,532,0.8513,0.3546,-0.2909
2022,CA,Sonoma,local_general_2022,local_general,PCT_0014,905,652,0.7214,0.4384,-0.1232
2024,CA,Sonoma,prop_1_measure_2024,ballot_measure,PCT_0014,784,494,0.6312,0.4692,-0.0616
2016,CA,Sonoma,presidential_2016,presidential,PCT_0015,1009,710,0.7043,0.4413,-0.1173
2018,CA,Sonoma,gov_midterm_2018,midterm,PCT_0015,1126,603,0.5356,0.3435,-0.3131
2020,CA,Sonoma,presidential_2020,presidential,PCT_0015,867,675,0.7795,0.2945,-0.411
2022,CA,Sonoma,local_general_2022,local_general,PCT_0015,977,598,0.6121,0.3774,-0.2451
2024,CA,Sonoma,prop_1_measure_2024,ballot_measure,PCT_0015,759,432,0.5701,0.3104,-0.3792
2016,CA,Sonoma,presidential_2016,presidential,PCT_0016,869,566,0.6517,0.6317,0.2635
2018,CA,Sonoma,gov_midterm_2018,midterm,PCT_0016,1424,948,0.6664,0.5099,0.0197
2020,CA,Sonoma,presidential_2020,presidential,PCT_0016,903,702,0.7781,0.5505,0.1009
2022,CA,Sonoma,local_general_2022,local_general,PCT_0016,1088,656,0.6035,0.5395,0.079
2024,CA,Sonoma,prop_1_measure_2024,ballot_measure,PCT_0016,988,397,0.4027,0.5346,0.0692
2016,CA,Sonoma,presidential_2016,presidential,PCT_0017,1326,703,0.5305,0.4515,-0.0969
2018,CA,Sonoma,gov_midterm_2018,midterm,PCT_0017,1026,588,0.574,0.4017,-0.1965
2020,CA,Sonoma,presidential_2020,presidential,PCT_0017,1232,742,0.6025,0.4245,-0.1511
2022,CA,Sonoma,local_general_2022,local_general,PCT_0017,1092,504,0.4619,0.4435,-0.1129
2024,CA,Sonoma,prop_1_measure_2024,ballot_measure,PCT_0017,1013,438,0.4327,0.4792,-0.0416
2016,CA,Sonoma,presidential_2016,presidential,PCT_0018,1132,875,0.7731,0.4597,-0.0806
2018,CA,Sonoma,gov_midterm_2018,midterm,PCT_0018,969,577,0.5959,0.5714,0.1427
2020,CA,Sonoma,presidential_2020,presidential,PCT_0018,875,574,0.656,0.5327,0.0653
2022,CA,Sonoma,local_general_2022,local_general,PCT_0018,882,492,0.5589,0.5752,0.1503
2024,CA,Sonoma,prop_1_measure_2024,ballot_measure,PCT_0018,861,483,0.5614,0.5727,0.1454
2016,CA,Sonoma,presidential_2016,presidential,PCT_0019,834,619,0.7425,0.6588,0.3175
2018,CA,Sonoma,gov_midterm_2018,midterm,PCT_0019,1122,751,0.6695,0.6273,0.2545
2020,CA,Sonoma,presidential_2020,presidential,PCT_0019,1255,929,0.7409,0.6487,0.2975
2022,CA,Sonoma,local_general_2022,local_general,PCT_0019,959,584,0.6096,0.6763,0.3527
2024,CA,Sonoma,prop_1_measure_2024,ballot_measure,PCT_0019,1165,770,0.6612,0.6867,0.3733
2016,CA,Sonoma,presidential_2016,presidential,PCT_0020,1004,664,0.6622,0.6517,0.3034
2018,CA,Sonoma,gov_midterm_2018,midterm,PCT_0020,1019,586,0.5758,0.6173,0.2346
2020,CA,Sonoma,presidential_2020,presidential,PCT_0020,1418,844,0.5957,0.5975,0.195
2022,CA,Sonoma,local_general_2022,local_general,PCT_0020,1231,659,0.5356,0.6894,0.3788
2024,CA,Sonoma,prop_1_measure_2024,ballot_measure,PCT_0020,1125,557,0.4954,0.6133,0.2267
2016,CA,Sonoma,presidential_2016,presidential,PCT_0021,1195,669,0.5599,0.4785,-0.0429
2018,CA,Sonoma,gov_midterm_2018,midterm,PCT_0021,935,456,0.4879,0.4916,-0.0167
2020,CA,Sonoma,presidential_2020,presidential,PCT_0021,835,483,0.5795,0.5321,0.0641
2022,CA,Sonoma,local_general_2022,local_general,PCT_0021,898,353,0.3937,0.5314,0.0628
2024,CA,Sonoma,prop_1_measure_2024,ballot_measure,PCT_0021,710,246,0.3469,0.4839,-0.0322
2016,CA,Sonoma,presidential_2016,presidential,PCT_0022,957,790,0.826,0.5154,0.0307
2018,CA,Sonoma,gov_midterm_2018,midterm,PCT_0022,996,630,0.633,0.5224,0.0449
2020,CA,Sonoma,presidential_2020,presidential,PCT_0022,942,752,0.7993,0.482,-0.036
2022,CA,Sonoma,local_general_2022,local_general,PCT_0022,1103,782,0.7098,0.5179,0.0358
2024,CA,Sonoma,prop_1_measure_2024,ballot_measure,PCT_0022,1080,721,0.6677,0.5033,0.0066
2016,CA,Sonoma,presidential_2016,presidential,PCT_0023,1044,644,0.6177,0.6902,0.3803
2018,CA,Sonoma,gov_midterm_2018,midterm,PCT_0023,845,437,0.5183,0.7102,0.4204
2020,CA,Sonoma,presidential_2020,presidential,PCT_0023,1290,857,0.665,0.7929,0.5859
2022,CA,Sonoma,local_general_2022,local_general,PCT_0023,846,432,0.5107,0.6945,0.3889
2024,CA,Sonoma,prop_1_measure_2024,ballot_measure,PCT_0023,1437,613,0.4267,0.6433,0.2866
2016,CA,Sonoma,presidential_2016,presidential,PCT_0024,880,573,0.6512,0.4489,-0.1023
2018,CA,Sonoma,gov_midterm_2018,midterm,PCT_0024,1068,729,0.6829,0.4889,-0.0223
2020,CA,Sonoma,presidential_2020,presidential,PCT_0024,884,569,0.6442,0.4659,-0.0681
2022,CA,Sonoma,local_general_2022,local_general,PCT_0024,735,463,0.6307,0.5003,0.0006
2024,CA,Sonoma,prop_1_measure_2024,ballot_measure,PCT_0024,906,410,0.4535,0.509,0.0181
2016,CA,Sonoma,presidential_2016,presidential,PCT_0025,977,882,0.9029,0.5571,0.1143
2018,CA,Sonoma,gov_midterm_2018,midterm,PCT_0025,880,652,0.7412,0.6392,0.2784
2020,CA,Sonoma,presidential_2020,presidential,PCT_0025,909,792,0.8721,0.5835,0.1669
2022,CA,Sonoma,local_general_2022,local_general,PCT_0025,971,676,0.697,0.6626,0.3251
2024,CA,Sonoma,prop_1_measure_2024,ballot_measure,PCT_0025,1142,724,0.6347,0.5601,0.1203
2016,CA,Sonoma,presidential_2016,presidential,PCT_0026,1255,830,0.6616,0.5744,0.1488
2018,CA,Sonoma,gov_midterm_2018,midterm,PCT_0026,1235,601,0.4874,0.6717,0.3433
2020,CA,Sonoma,presidential_2020,presidential,PCT_0026,1351,772,0.5716,0.6172,0.2344
2022,CA,Sonoma,local_general_2022,local_general,PCT_0026,1129,567,0.5025,0.5204,0.0408
2024,CA,Sonoma,prop_1_measure_2024,ballot_measure,PCT_0026,1137,553,0.487,0.4807,-0.0386
2016,CA,Sonoma,presidential_2016,presidential,PCT_0027,946,665,0.7036,0.5501,0.1002
2018,CA,Sonoma,gov_midterm_2018,midterm,PCT_0027,1014,658,0.6491,0.406,-0.188
2020,CA,Sonoma,presidential_2020,presidential,PCT_0027,659,438,0.6649,0.4942,-0.0116
2022,CA,Sonoma,local_general_2022,local_general,PCT_0027,993,411,0.4143,0.4705,-0.0589
2024,CA,Sonoma,prop_1_measure_2024,ballot_measure,PCT_0027,739,407,0.5512,0.4933,-0.0134
2016,CA,Sonoma,presidential_2016,presidential,PCT_0028,812,488,0.6014,0.486,-0.028
2018,CA,Sonoma,gov_midterm_2018,midterm,PCT_0028,802,424,0.5298,0.4118,-0.1765
2020,CA,Sonoma,presidential_2020,presidential,PCT_0028,841,503,0.5992,0.3865,-0.227
2022,CA,Sonoma,local_general_2022,local_general,PCT_0028,889,350,0.3947,0.5365,0.073
2024,CA,Sonoma,prop_1_measure_2024,ballot_measure,PCT_0028,1007,422,0.4196,0.449,-0.1021
2016,CA,Sonoma,presidential_2016,presidential,PCT_0029,977,782,0.801,0.6991,0.3981
2018,CA,Sonoma,gov_midterm_2018,midterm,PCT_0029,1151,789,0.6855,0.6396,0.2791
2020,CA,Sonoma,presidential_2020,presidential,PCT_0029,944,657,0.697,0.5926,0.1852
2022,CA,Sonoma,local_general_2022,local_general,PCT_0029,1273,947,0.7443,0.6559,0.3118
2024,CA,Sonoma,prop_1_measure_2024,ballot_measure,PCT_0029,1115,755,0.6776,0.8223,0.6446
2016,CA,Sonoma,presidential_2016,presidential,PCT_0030,1223,613,0.5018,0.4891,-0.0217
2018,CA,Sonoma,gov_midterm_2018,midterm,PCT_0030,848,348,0.411,0.4466,-0.1067
2020,CA,Sonoma,presidential_2020,presidential,PCT_0030,783,521,0.6665,0.523,0.0461
2022,CA,Sonoma,local_general_2022,local_general,PCT_0030,998,505,0.5061,0.4828,-0.0343
2024,CA,Sonoma,prop_1_measure_2024,ballot_measure,PCT_0030,827,420,0.5083,0.5059,0.0118
2016,CA,Sonoma,presidential_2016,presidential,PCT_0031,824,502,0.6104,0.3973,-0.2053
2018,CA,Sonoma,gov_midterm_2018,midterm,PCT_0031,1381,703,0.5096,0.3792,-0.2416
2020,CA,Sonoma,presidential_2020,presidential,PCT_0031,869,569,0.6551,0.3214,-0.3572
2022,CA,Sonoma,local_general_2022,local_general,PCT_0031,827,439,0.5319,0.3095,-0.381
2024,CA,Sonoma,prop_1_measure_2024,ballot_measure,PCT_0031,1054,555,0.527,0.3391,-0.3218
2016,CA,Sonoma,presidential_2016,presidential,PCT_0032,818,664,0.812,0.684,0.3679
2018,CA,Sonoma,gov_midterm_2018,midterm,PCT_0032,1100,761,0.692,0.6512,0.3023
2020,CA,Sonoma,presidential_2020,presidential,PCT_0032,1150,870,0.7574,0.6734,0.3467
2022,CA,Sonoma,local_general_2022,local_general,PCT_0032,867,623,0.7194,0.608,0.2161
2024,CA,Sonoma,prop_1_measure_2024,ballot_measure,PCT_0032,639,389,0.6095,0.6486,0.2972
2016,CA,Sonoma,presidential_2016,presidential,PCT_0033,1127,565,0.5014,0.5409,0.0819
2018,CA,Sonoma,gov_midterm_2018,midterm,PCT_0033,757,342,0.4519,0.5466,0.0932
2020,CA,Sonoma,presidential_2020,presidential,PCT_0033,827,467,0.5652,0.5946,0.1891
2022,CA,Sonoma,local_general_2022,local_general,PCT_0033,884,420,0.4762,0.4878,-0.0245
2024,CA,Sonoma,prop_1_measure_2024,ballot_measure,PCT_0033,1105,559,0.5065,0.4207,-0.1587
2016,CA,Sonoma,presidential_2016,presidential,PCT_0034,840,565,0.6732,0.6416,0.2832
2018,CA,Sonoma,gov_midterm_2018,midterm,PCT_0034,1017,556,0.5469,0.7302,0.4604
2020,CA,Sonoma,presidential_2020,presidential,PCT_0034,1050,705,0.6715,0.6512,0.3024
2022,CA,Sonoma,local_general_2022,local_general,PCT_0034,902,435,0.483,0.6915,0.3831
2024,CA,Sonoma,prop_1_measure_2024,ballot_measure,PCT_0034,915,475,0.5191,0.7756,0.5512
2016,CA,Sonoma,presidential_2016,presidential,PCT_0035,1240,790,0.6372,0.549,0.0979
2018,CA,Sonoma,gov_midterm_2018,midterm,PCT_0035,798,370,0.4641,0.6333,0.2666
2020,CA,Sonoma,presidential_2020,presidential,PCT_0035,1003,743,0.7415,0.6672,0.3345
2022,CA,Sonoma,local_general_2022,local_general,PCT_0035,956,524,0.5491,0.5403,0.0806
2024,CA,Sonoma,prop_1_measure_2024,ballot_measure,PCT_0035,1047,571,0.5462,0.577,0.1539
2016,CA,Sonoma,presidential_2016,presidential,PCT_0036,1228,765,0.6234,0.7311,0.4623
2018,CA,Sonoma,gov_midterm_2018,midterm,PCT_0036,1036,522,0.5042,0.5946,0.1893
2020,CA,Sonoma,presidential_2020,presidential,PCT_0036,830,525,0.6333,0.5748,0.1496
2022,CA,Sonoma,local_general_2022,local_general,PCT_0036,1014,423,0.4179,0.6416,0.2831
2024,CA,Sonoma,prop_1_measure_2024,ballot_measure,PCT_0036,1066,526,0.4937,0.5921,0.1842
2016,CA,Sonoma,presidential_2016,presidential,PCT_0037,946,505,0.5343,0.6164,0.2327
2018,CA,Sonoma,gov_midterm_2018,midterm,PCT_0037,1075,560,0.521,0.5925,0.1849
2020,CA,Sonoma,presidential_2020,presidential,PCT_0037,1173,763,0.651,0.6593,0.3185
2022,CA,Sonoma,local_general_2022,local_general,PCT_0037,1375,542,0.3945,0.5763,0.1527
2024,CA,Sonoma,prop_1_measure_2024,ballot_measure,PCT_0037,644,327,0.508,0.6713,0.3426
2016,CA,Sonoma,presidential_2016,presidential,PCT_0038,988,709,0.7183,0.541,0.0819
2018,CA,Sonoma,gov_midterm_2018,midterm,PCT_0038,1021,543,0.5323,0.5585,0.1171
2020,CA,Sonoma,presidential_2020,presidential,PCT_0038,1044,580,0.5565,0.5581,0.1161
2022,CA,Sonoma,local_general_2022,local_general,PCT_0038,1376,706,0.5133,0.6142,0.2283
2024,CA,Sonoma,prop_1_measure_2024,ballot_measure,PCT_0038,897,355,0.3965,0.5282,0.0564
2016,CA,Sonoma,presidential_2016,presidential,PCT_0039,1011,910,0.9002,0.5509,0.1019
2018,CA,Sonoma,gov_midterm_2018,midterm,PCT_0039,1305,962,0.7376,0.6142,0.2284
2020,CA,Sonoma,presidential_2020,presidential,PCT_0039,797,607,0.7627,0.6767,0.3534
2022,CA,Sonoma,local_general_2022,local_general,PCT_0039,1014,639,0.631,0.5708,0.1416
2024,CA,Sonoma,prop_1_measure_2024,ballot_measure,PCT_0039,932,725,0.7789,0.6226,0.2452
2016,CA,Sonoma,presidential_2016,presidential,PCT_0040,699,319,0.4574,0.3678,-0.2643
2018,CA,Sonoma,gov_midterm_2018,midterm,PCT_0040,953,502,0.5271,0.463,-0.074
2020,CA,Sonoma,presidential_2020,presidential,PCT_0040,1225,709,0.5788,0.3152,-0.3695
2022,CA,Sonoma,local_general_2022,local_general,PCT_0040,1514,674,0.4452,0.3713,-0.2575
2024,CA,Sonoma,prop_1_measure_2024,ballot_measure,PCT_0040,995,449,0.4522,0.3633,-0.2733
2016,CA,Sonoma,presidential_2016,presidential,PCT_0041,993,580,0.5844,0.3406,-0.3187
2018,CA,Sonoma,gov_midterm_2018,midterm,PCT_0041,1021,509,0.4988,0.4515,-0.0971
2020,CA,Sonoma,presidential_2020,presidential,PCT_0041,469,312,0.6661,0.4386,-0.1228
2022,CA,Sonoma,local_general_2022,local_general,PCT_0041,585,259,0.4444,0.3577,-0.2846
2024,CA,Sonoma,prop_1_measure_2024,ballot_measure,PCT_0041,718,303,0.4227,0.3207,-0.3585
2016,CA,Sonoma,presidential_2016,presidential,PCT_0042,1350,815,0.6044,0.426,-0.1479
2018,CA,Sonoma,gov_midterm_2018,midterm,PCT_0042,1144,458,0.4012,0.3362,-0.3275
2020,CA,Sonoma,presidential_2020,presidential,PCT_0042,1097,544,0.4965,0.3981,-0.2038
2022,CA,Sonoma,local_general_2022,local_general,PCT_0042,951,369,0.3889,0.398,-0.204
2024,CA,Sonoma,prop_1_measure_2024,ballot_measure,PCT_0042,1088,423,0.3896,0.4204,-0.1591
2016,CA,Sonoma,presidential_2016,presidential,PCT_0043,1118,821,0.7349,0.3983,-0.2034
2018,CA,Sonoma,gov_midterm_2018,midterm,PCT_0043,749,521,0.6966,0.3727,-0.2545
2020,CA,Sonoma,presidential_2020,presidential,PCT_0043,895,718,0.8029,0.3468,-0.3064
2022,CA,Sonoma,local_general_2022,local_general,PCT_0043,718,375,0.5226,0.4123,-0.1754
2024,CA,Sonoma,prop_1_measure_2024,ballot_measure,PCT_0043,743,511,0.6882,0.2779,-0.4442
2016,CA,Sonoma,presidential_2016,presidential,PCT_0044,1339,818,0.6111,0.6993,0.3987
2018,CA,Sonoma,gov_midterm_2018,midterm,PCT_0044,992,588,0.5935,0.6851,0.3702
2020,CA,Sonoma,presidential_2020,presidential,PCT_0044,1030,638,0.6202,0.6765,0.3531
2022,CA,Sonoma,local_general_2022,local_general,PCT_0044,1061,427,0.4028,0.612,0.2239
2024,CA,Sonoma,prop_1_measure_2024,ballot_measure,PCT_0044,1148,570,0.4969,0.6702,0.3404
2016,CA,Sonoma,presidential_2016,presidential,PCT_0045,892,719,0.8064,0.5201,0.0401
2018,CA,Sonoma,gov_midterm_2018,midterm,PCT_0045,804,615,0.7657,0.4251,-0.1497
2020,CA,Sonoma,presidential_2020,presidential,PCT_0045,1205,1047,0.869,0.5231,0.0462
2022,CA,Sonoma,local_general_2022,local_general,PCT_0045,1196,931,0.7786,0.561,0.122
2024,CA,Sonoma,prop_1_measure_2024,ballot_measure,PCT_0045,631,398,0.6313,0.479,-0.0419
2016,CA,Sonoma,presidential_2016,presidential,PCT_0046,1005,612,0.6092,0.5574,0.1149
2018,CA,Sonoma,gov_midterm_2018,midterm,PCT_0046,877,376,0.4296,0.5491,0.0981
2020,CA,Sonoma,presidential_2020,presidential,PCT_0046,729,401,0.5511,0.6479,0.2958
2022,CA,Sonoma,local_general_2022,local_general,PCT_0046,810,471,0.5815,0.6199,0.2398
2024,CA,Sonoma,prop_1_measure_2024,ballot_measure,PCT_0046,1036,421,0.407,0.6302,0.2605
2016,CA,Sonoma,presidential_2016,presidential,PCT_0047,884,499,0.5655,0.5329,0.0658
2018,CA,Sonoma,gov_midterm_2018,midterm,PCT_0047,980,506,0.5168,0.3697,-0.2605
2020,CA,Sonoma,presidential_2020,presidential,PCT_0047,993,643,0.6479,0.3736,-0.2529
2022,CA,Sonoma,local_general_2022,local_general,PCT_0047,1362,605,0.4447,0.3768,-0.2464
2024,CA,Sonoma,prop_1_measure_2024,ballot_measure,PCT_0047,1126,515,0.458,0.436,-0.128
2016,CA,Sonoma,presidential_2016,presidential,PCT_0048,685,448,0.6546,0.3677,-0.2647
2018,CA,Sonoma,gov_midterm_2018,midterm,PCT_0048,1035,508,0.4915,0.3556,-0.2887
2020,CA,Sonoma,presidential_2020,presidential,PCT_0048,1122,770,0.6863,0.3907,-0.2187
2022,CA,Sonoma,local_general_2022,local_general,PCT_0048,1166,619,0.5313,0.3331,-0.3338
2024,CA,Sonoma,prop_1_measure_2024,ballot_measure,PCT_0048,667,353,0.5298,0.347,-0.306
2016,CA,Sonoma,presidential_2016,presidential,PCT_0049,783,514,0.6568,0.5252,0.0504
2018,CA,Sonoma,gov_midterm_2018,midterm,PCT_0049,1136,574,0.5056,0.5287,0.0573
2020,CA,Sonoma,presidential_2020,presidential,PCT_0049,1187,686,0.5784,0.532,0.064
2022,CA,Sonoma,local_general_2022,local_general,PCT_0049,907,392,0.4324,0.5117,0.0234
2024,CA,Sonoma,prop_1_measure_2024,ballot_measure,PCT_0049,1044,449,0.4302,0.59,0.1799
2016,CA,Sonoma,presidential_2016,presidential,PCT_0050,821,527,0.642,0.4359,-0.1281
2018,CA,Sonoma,gov_midterm_2018,midterm,PCT_0050,1206,476,0.3953,0.4395,-0.1211
2020,CA,Sonoma,presidential_2020,presidential,PCT_0050,1177,675,0.5737,0.4794,-0.0412
2022,CA,Sonoma,local_general_2022,local_general,PCT_0050,896,439,0.4901,0.5411,0.0821
2024,CA,Sonoma,prop_1_measure_2024,ballot_measure,PCT_0050,927,368,0.3973,0.4988,-0.0024
2016,CA,Sonoma,presidential_2016,presidential,PCT_0051,915,606,0.6623,0.5278,0.0556
2018,CA,Sonoma,gov_midterm_2018,midterm,PCT_0051,816,429,0.5262,0.5566,0.1133
2020,CA,Sonoma,presidential_2020,presidential,PCT_0051,993,683,0.6881,0.6726,0.3451
2022,CA,Sonoma,local_general_2022,local_general,PCT_0051,800,460,0.5756,0.5843,0.1687
2024,CA,Sonoma,prop_1_measure_2024,ballot_measure,PCT_0051,990,554,0.5601,0.5389,0.0778
2016,CA,Sonoma,presidential_2016,presidential,PCT_0052,1076,920,0.8557,0.4173,-0.1654
2018,CA,Sonoma,gov_midterm_2018,midterm,PCT_0052,1057,919,0.8701,0.3608,-0.2784
2020,CA,Sonoma,presidential_2020,presidential,PCT_0052,893,728,0.8162,0.3649,-0.2702
2022,CA,Sonoma,local_general_2022,local_general,PCT_0052,872,659,0.7568,0.4637,-0.0726
2024,CA,Sonoma,prop_1_measure_2024,ballot_measure,PCT_0052,885,580,0.6557,0.4162,-0.1675
2016,CA,Sonoma,presidential_2016,presidential,PCT_0053,1040,747,0.719,0.4672,-0.0657
2018,CA,Sonoma,gov_midterm_2018,midterm,PCT_0053,1359,902,0.6641,0.3704,-0.2592
2020,CA,Sonoma,presidential_2020,presidential,PCT_0053,1057,857,0.8115,0.4227,-0.1546
2022,CA,Sonoma,local_general_2022,local_general,PCT_0053,1402,891,0.6359,0.3499,-0.3003
2024,CA,Sonoma,prop_1_measure_2024,ballot_measure,PCT_0053,724,440,0.6082,0.3881,-0.2238
2016,CA,Sonoma,presidential_2016,presidential,PCT_0054,1358,744,0.5484,0.3993,-0.2015
2018,CA,Sonoma,gov_midterm_2018,midterm,PCT_0054,996,531,0.5337,0.5144,0.0288
2020,CA,Sonoma,presidential_2020,presidential,PCT_0054,893,491,0.5498,0.4403,-0.1194
2022,CA,Sonoma,local_general_2022,local_general,PCT_0054,1136,586,0.5166,0.4173,-0.1655
2024,CA,Sonoma,prop_1_measure_2024,ballot_measure,PCT_0054,928,421,0.4538,0.4435,-0.113
2016,CA,Sonoma,presidential_2016,presidential,PCT_0055,1164,966,0.8305,0.7003,0.4005
2018,CA,Sonoma,gov_midterm_2018,midterm,PCT_0055,1233,954,0.7743,0.6794,0.3587
2020,CA,Sonoma,presidential_2020,presidential,PCT_0055,966,784,0.8125,0.7072,0.4145
2022,CA,Sonoma,local_general_2022,local_general,PCT_0055,836,563,0.6736,0.6273,0.2545
2024,CA,Sonoma,prop_1_measure_2024,ballot_measure,PCT_0055,1005,722,0.7191,0.6565,0.3129
2016,CA,Sonoma,presidential_2016,presidential,PCT_0056,1009,778,0.7718,0.5121,0.0242
2018,CA,Sonoma,gov_midterm_2018,midterm,PCT_0056,938,610,0.6505,0.4164,-0.1672
2020,CA,Sonoma,presidential_2020,presidential,PCT_0056,1315,966,0.7348,0.4179,-0.1643
2022,CA,Sonoma,local_general_2022,local_general,PCT_0056,1121,671,0.5989,0.3816,-0.2368
2024,CA,Sonoma,prop_1_measure_2024,ballot_measure,PCT_0056,1038,667,0.6432,0.3526,-0.2948
2016,CA,Sonoma,presidential_2016,presidential,PCT_0057,1239,612,0.494,0.5049,0.0098
2018,CA,Sonoma,gov_midterm_2018,midterm,PCT_0057,1075,589,0.5485,0.5296,0.0592
2020,CA,Sonoma,presidential_2020,presidential,PCT_0057,888,589,0.6643,0.4605,-0.0791
2022,CA,Sonoma,local_general_2022,local_general,PCT_0057,560,247,0.4422,0.5078,0.0155
2024,CA,Sonoma,prop_1_measure_2024,ballot_measure,PCT_0057,795,362,0.4556,0.5451,0.0901
2016,CA,Sonoma,presidential_2016,presidential,PCT_0058,887,690,0.7789,0.4043,-0.1913
2018,CA,Sonoma,gov_midterm_2018,midterm,PCT_0058,1369,811,0.5928,0.333,-0.3339
2020,CA,Sonoma,presidential_2020,presidential,PCT_0058,861,640,0.7441,0.4215,-0.1571
2022,CA,Sonoma,local_general_2022,local_general,PCT_0058,951,583,0.614,0.3467,-0.3065
2024,CA,Sonoma,prop_1_measure_2024,ballot_measure,PCT_0058,1288,762,0.5922,0.4652,-0.0697
2016,CA,Sonoma,presidential_2016,presidential,PCT_0059,1068,921,0.8633,0.4027,-0.1946
2018,CA,Sonoma,gov_midterm_2018,midterm,PCT_0059,1089,841,0.7726,0.4407,-0.1187
2020,CA,Sonoma,presidential_2020,presidential,PCT_0059,1039,910,0.8759,0.3697,-0.2606
2022,CA,Sonoma,local_general_2022,local_general,PCT_0059,1288,845,0.6566,0.4643,-0.0715
2024,CA,Sonoma,prop_1_measure_2024,ballot_measure,PCT_0059,991,613,0.6189,0.3806,-0.2388
2016,CA,Sonoma,presidential_2016,presidential,PCT_0060,863,525,0.6084,0.5245,0.0491
2018,CA,Sonoma,gov_midterm_2018,midterm,PCT_0060,909,372,0.4095,0.5398,0.0797
2020,CA,Sonoma,presidential_2020,presidential,PCT_0060,1152,771,0.67,0.6403,0.2806
2022,CA,Sonoma,local_general_2022,local_general,PCT_0060,806,385,0.4783,0.6188,0.2377
2024,CA,Sonoma,prop_1_measure_2024,ballot_measure,PCT_0060,768,426,0.5559,0.6629,0.3258
2016,CA,Sonoma,presidential_2016,presidential,PCT_0061,1041,641,0.6158,0.2915,-0.4169
2018,CA,Sonoma,gov_midterm_2018,midterm,PCT_0061,863,490,0.5678,0.2899,-0.4203
2020,CA,Sonoma,presidential_2020,presidential,PCT_0061,1359,1019,0.7499,0.2753,-0.4493
2022,CA,Sonoma,local_general_2022,local_general,PCT_0061,1114,710,0.6379,0.3501,-0.2997
2024,CA,Sonoma,prop_1_measure_2024,ballot_measure,PCT_0061,1011,541,0.5355,0.3388,-0.3224
2016,CA,Sonoma,presidential_2016,presidential,PCT_0062,1078,880,0.8167,0.5939,0.1879
2018,CA,Sonoma,gov_midterm_2018,midterm,PCT_0062,1263,851,0.6741,0.7245,0.4489
2020,CA,Sonoma,presidential_2020,presidential,PCT_0062,862,733,0.851,0.6306,0.2612
2022,CA,Sonoma,local_general_2022,local_general,PCT_0062,869,512,0.59,0.6047,0.2093
2024,CA,Sonoma,prop_1_measure_2024,ballot_measure,PCT_0062,1084,694,0.6404,0.592,0.184
2016,CA,Sonoma,presidential_2016,presidential,PCT_0063,1345,1034,0.7694,0.5012,0.0024
2018,CA,Sonoma,gov_midterm_2018,midterm,PCT_0063,1024,694,0.6783,0.4481,-0.1037
2020,CA,Sonoma,presidential_2020,presidential,PCT_0063,948,629,0.6642,0.5192,0.0385
2022,CA,Sonoma,local_general_2022,local_general,PCT_0063,1129,647,0.5735,0.578,0.156
2024,CA,Sonoma,prop_1_measure_2024,ballot_measure,PCT_0063,754,395,0.5244,0.5105,0.021
2016,CA,Sonoma,presidential_2016,presidential,PCT_0064,1209,889,0.7355,0.5882,0.1764
2018,CA,Sonoma,gov_midterm_2018,midterm,PCT_0064,965,603,0.6258,0.6227,0.2454
2020,CA,Sonoma,presidential_2020,presidential,PCT_0064,684,516,0.7554,0.6591,0.3182
2022,CA,Sonoma,local_general_2022,local_general,PCT_0064,874,481,0.5514,0.6148,0.2296
2024,CA,Sonoma,prop_1_measure_2024,ballot_measure,PCT_0064,1052,530,0.5041,0.5565,0.113
2016,CA,Sonoma,presidential_2016,presidential,PCT_0065,994,894,0.9001,0.3996,-0.2009
2018,CA,Sonoma,gov_midterm_2018,midterm,PCT_0065,925,721,0.78,0.23,-0.5401
2020,CA,Sonoma,presidential_2020,presidential,PCT_0065,1229,927,0.7544,0.3543,-0.2915
2022,CA,Sonoma,local_general_2022,local_general,PCT_0065,776,486,0.6267,0.4304,-0.1391
2024,CA,Sonoma,prop_1_measure_2024,ballot_measure,PCT_0065,906,642,0.7087,0.37,-0.2599
2016,CA,Sonoma,presidential_2016,presidential,PCT_0066,1095,683,0.6247,0.2652,-0.4695
2018,CA,Sonoma,gov_midterm_2018,midterm,PCT_0066,1199,594,0.4961,0.2516,-0.4969
2020,CA,Sonoma,presidential_2020,presidential,PCT_0066,914,636,0.6959,0.3719,-0.2562
2022,CA,Sonoma,local_general_2022,local_general,PCT_0066,930,421,0.4534,0.3133,-0.3734
2024,CA,Sonoma,prop_1_measure_2024,ballot_measure,PCT_0066,1415,693,0.4899,0.3509,-0.2982
2016,CA,Sonoma,presidential_2016,presidential,PCT_0067,948,678,0.7158,0.6437,0.2875
2018,CA,Sonoma,gov_midterm_2018,midterm,PCT_0067,992,656,0.662,0.6499,0.2998
2020,CA,Sonoma,presidential_2020,presidential,PCT_0067,1146,826,0.7216,0.6512,0.3025
2022,CA,Sonoma,local_general_2022,local_general,PCT_0067,600,372,0.6214,0.6646,0.3293
2024,CA,Sonoma,prop_1_measure_2024,ballot_measure,PCT_0067,1199,516,0.4308,0.7517,0.5035
2016,CA,Sonoma,presidential_2016,presidential,PCT_0068,972,629,0.6473,0.26,-0.48
2018,CA,Sonoma,gov_midterm_2018,midterm,PCT_0068,1122,492,0.4392,0.2808,-0.4384
2020,CA,Sonoma,presidential_2020,presidential,PCT_0068,1382,804,0.5824,0.3229,-0.3543
2022,CA,Sonoma,local_general_2022,local_general,PCT_0068,1174,547,0.4667,0.3195,-0.361
2024,CA,Sonoma,prop_1_measure_2024,ballot_measure,PCT_0068,1072,602,0.5621,0.3091,-0.3818
2016,CA,Sonoma,presidential_2016,presidential,PCT_0069,1221,1062,0.87,0.5602,0.1204
2018,CA,Sonoma,gov_midterm_2018,midterm,PCT_0069,771,610,0.7923,0.4709,-0.0581
2020,CA,Sonoma,presidential_2020,presidential,PCT_0069,1060,819,0.773,0.525,0.0501
2022,CA,Sonoma,local_general_2022,local_general,PCT_0069,1065,720,0.6767,0.5493,0.0987
2024,CA,Sonoma,prop_1_measure_2024,ballot_measure,PCT_0069,1322,903,0.6833,0.516,0.0321
2016,CA,Sonoma,presidential_2016,presidential,PCT_0070,1192,808,0.678,0.6021,0.2042
2018,CA,Sonoma,gov_midterm_2018,midterm,PCT_0070,940,579,0.6169,0.5595,0.1191
2020,CA,Sonoma,presidential_2020,presidential,PCT_0070,1025,655,0.6395,0.5678,0.1356
2022,CA,Sonoma,local_general_2022,local_general,PCT_0070,780,332,0.4261,0.6468,0.2935
2024,CA,Sonoma,prop_1_measure_2024,ballot_measure,PCT_0070,830,372,0.4485,0.4594,-0.0813
2016,CA,Sonoma,presidential_2016,presidential,PCT_0071,1328,892,0.6718,0.4149,-0.1702
2018,CA,Sonoma,gov_midterm_2018,midterm,PCT_0071,1450,827,0.5704,0.4331,-0.1339
2020,CA,Sonoma,presidential_2020,presidential,PCT_0071,500,367,0.7358,0.3798,-0.2404
2022,CA,Sonoma,local_general_2022,local_general,PCT_0071,670,350,0.5224,0.5713,0.1426
2024,CA,Sonoma,prop_1_measure_2024,ballot_measure,PCT_0071,1276,637,0.4995,0.479,-0.0419
2016,CA,Sonoma,presidential_2016,presidential,PCT_0072,1170,1023,0.8746,0.3214,-0.3573
2018,CA,Sonoma,gov_midterm_2018,midterm,PCT_0072,1020,748,0.7335,0.2696,-0.4608
2020,CA,Sonoma,presidential_2020,presidential,PCT_0072,943,709,0.752,0.3024,-0.3952
2022,CA,Sonoma,local_general_2022,local_general,PCT_0072,802,506,0.6315,0.3163,-0.3674
2024,CA,Sonoma,prop_1_measure_2024,ballot_measure,PCT_0072,1278,936,0.7326,0.2288,-0.5425
2016,CA,Sonoma,presidential_2016,presidential,PCT_0073,803,605,0.7536,0.4366,-0.1269
2018,CA,Sonoma,gov_midterm_2018,midterm,PCT_0073,806,540,0.6701,0.3423,-0.3153
2020,CA,Sonoma,presidential_2020,presidential,PCT_0073,879,686,0.7808,0.3294,-0.3412
2022,CA,Sonoma,local_general_2022,local_general,PCT_0073,1088,667,0.6139,0.4367,-0.1267
2024,CA,Sonoma,prop_1_measure_2024,ballot_measure,PCT_0073,1044,713,0.6831,0.4153,-0.1694
2016,CA,Sonoma,presidential_2016,presidential,PCT_0074,914,765,0.8379,0.5427,0.0853
2018,CA,Sonoma,gov_midterm_2018,midterm,PCT_0074,859,603,0.7023,0.4705,-0.059
2020,CA,Sonoma,presidential_2020,presidential,PCT_0074,1349,1043,0.7732,0.506,0.012
2022,CA,Sonoma,local_general_2022,local_general,PCT_0074,856,625,0.7302,0.5259,0.0518
2024,CA,Sonoma,prop_1_measure_2024,ballot_measure,PCT_0074,1249,814,0.6517,0.5546,0.1092
2016,CA,Sonoma,presidential_2016,presidential,PCT_0075,762,573,0.7526,0.5124,0.0248
2018,CA,Sonoma,gov_midterm_2018,midterm,PCT_0075,1082,679,0.6279,0.4742,-0.0516
2020,CA,Sonoma,presidential_2020,presidential,PCT_0075,1008,735,0.7298,0.5289,0.0578
2022,CA,Sonoma,local_general_2022,local_general,PCT_0075,1442,806,0.5593,0.4122,-0.1756
2024,CA,Sonoma,prop_1_measure_2024,ballot_measure,PCT_0075,982,703,0.7161,0.4405,-0.119
2016,CA,Sonoma,presidential_2016,presidential,PCT_0076,1327,938,0.7069,0.6685,0.3369
2018,CA,Sonoma,gov_midterm_2018,midterm,PCT_0076,924,525,0.5683,0.558,0.1159
2020,CA,Sonoma,presidential_2020,presidential,PCT_0076,797,514,0.646,0.5258,0.0517
2022,CA,Sonoma,local_general_2022,local_general,PCT_0076,1006,492,0.49,0.5987,0.1975
2024,CA,Sonoma,prop_1_measure_2024,ballot_measure,PCT_0076,688,374,0.545,0.6287,0.2574
2016,CA,Sonoma,presidential_2016,presidential,PCT_0077,1245,808,0.6494,0.5134,0.0267
2018,CA,Sonoma,gov_midterm_2018,midterm,PCT_0077,1083,622,0.5746,0.4269,-0.1461
2020,CA,Sonoma,presidential_2020,presidential,PCT_0077,1111,792,0.7137,0.4567,-0.0867
2022,CA,Sonoma,local_general_2022,local_general,PCT_0077,815,463,0.5684,0.359,-0.2819
2024,CA,Sonoma,prop_1_measure_2024,ballot_measure,PCT_0077,977,502,0.5147,0.393,-0.2141
2016,CA,Sonoma,presidential_2016,presidential,PCT_0078,1247,866,0.6949,0.6024,0.2047
2018,CA,Sonoma,gov_midterm_2018,midterm,PCT_0078,1242,815,0.6566,0.7341,0.4683
2020,CA,Sonoma,presidential_2020,presidential,PCT_0078,1078,818,0.7591,0.6027,0.2054
2022,CA,Sonoma,local_general_2022,local_general,PCT_0078,1026,607,0.5919,0.6536,0.3072
2024,CA,Sonoma,prop_1_measure_2024,ballot_measure,PCT_0078,1191,667,0.5602,0.5516,0.1032
2016,CA,Sonoma,presidential_2016,presidential,PCT_0079,632,380,0.6017,0.6196,0.2392
2018,CA,Sonoma,gov_midterm_2018,midterm,PCT_0079,569,282,0.4957,0.7994,0.5989
2020,CA,Sonoma,presidential_2020,presidential,PCT_0079,998,616,0.6182,0.6789,0.3577
2022,CA,Sonoma,local_general_2022,local_general,PCT_0079,980,462,0.4722,0.6603,0.3205
2024,CA,Sonoma,prop_1_measure_2024,ballot_measure,PCT_0079,1053,465,0.4424,0.6414,0.2828
2016,CA,Sonoma,presidential_2016,presidential,PCT_0080,1198,720,0.6011,0.4163,-0.1675
2018,CA,Sonoma,gov_midterm_2018,midterm,PCT_0080,1005,476,0.4738,0.5155,0.031
2020,CA,Sonoma,presidential_2020,presidential,PCT_0080,1094,626,0.573,0.5021,0.0042
2022,CA,Sonoma,local_general_2022,local_general,PCT_0080,1278,577,0.4522,0.4617,-0.0766
2024,CA,Sonoma,prop_1_measure_2024,ballot_measure,PCT_0080,737,273,0.371,0.4459,-0.1081
2016,CA,Sonoma,presidential_2016,presidential,PCT_0081,1011,694,0.6867,0.3237,-0.3525
2018,CA,Sonoma,gov_midterm_2018,midterm,PCT_0081,1097,618,0.5635,0.2285,-0.543
2020,CA,Sonoma,presidential_2020,presidential,PCT_0081,812,530,0.6531,0.2668,-0.4664
2022,CA,Sonoma,local_general_2022,local_general,PCT_0081,1119,656,0.5868,0.3882,-0.2236
2024,CA,Sonoma,prop_1_measure_2024,ballot_measure,PCT_0081,957,559,0.5848,0.3347,-0.3306
2016,CA,Sonoma,presidential_2016,presidential,PCT_0082,932,759,0.8144,0.3805,-0.2389
2018,CA,Sonoma,gov_midterm_2018,midterm,PCT_0082,922,694,0.7536,0.4037,-0.1926
2020,CA,Sonoma,presidential_2020,presidential,PCT_0082,1000,866,0.867,0.4552,-0.0896
2022,CA,Sonoma,local_general_2022,local_general,PCT_0082,1189,738,0.6209,0.268,-0.464
2024,CA,Sonoma,prop_1_measure_2024,ballot_measure,PCT_0082,1186,743,0.6268,0.3844,-0.2311
2016,CA,Sonoma,presidential_2016,presidential,PCT_0083,1108,773,0.6983,0.4368,-0.1263
2018,CA,Sonoma,gov_midterm_2018,midterm,PCT_0083,481,256,0.533,0.4852,-0.0295
2020,CA,Sonoma,presidential_2020,presidential,PCT_0083,704,471,0.6695,0.4649,-0.0702
2022,CA,Sonoma,local_general_2022,local_general,PCT_0083,1115,575,0.5163,0.417,-0.166
2024,CA,Sonoma,prop_1_measure_2024,ballot_measure,PCT_0083,1239,622,0.5024,0.4643,-0.0714
2016,CA,Sonoma,presidential_2016,presidential,PCT_0084,813,476,0.5864,0.5155,0.0309
2018,CA,Sonoma,gov_midterm_2018,midterm,PCT_0084,725,300,0.4143,0.5034,0.0069
2020,CA,Sonoma,presidential_2020,presidential,PCT_0084,958,537,0.5616,0.4819,-0.0363
2022,CA,Sonoma,local_general_2022,local_general,PCT_0084,878,470,0.5363,0.4638,-0.0725
2024,CA,Sonoma,prop_1_measure_2024,ballot_measure,PCT_0084,902,498,0.5529,0.3996,-0.2008
2016,CA,Sonoma,presidential_2016,presidential,PCT_0085,1260,1040,0.8259,0.6596,0.3193
2018,CA,Sonoma,gov_midterm_2018,midterm,PCT_0085,849,569,0.6708,0.6242,0.2483
2020,CA,Sonoma,presidential_2020,presidential,PCT_0085,1402,1057,0.7546,0.6398,0.2796
2022,CA,Sonoma,local_general_2022,local_general,PCT_0085,1036,549,0.5304,0.6095,0.2189
2024,CA,Sonoma,prop_1_measure_2024,ballot_measure,PCT_0085,1240,700,0.565,0.6057,0.2114
2016,CA,Sonoma,presidential_2016,presidential,PCT_0086,1107,732,0.6615,0.3753,-0.2494
2018,CA,Sonoma,gov_midterm_2018,midterm,PCT_0086,1199,556,0.4644,0.2683,-0.4635
2020,CA,Sonoma,presidential_2020,presidential,PCT_0086,1300,761,0.5861,0.3268,-0.3464
2022,CA,Sonoma,local_general_2022,local_general,PCT_0086,1265,607,0.48,0.3622,-0.2757
2024,CA,Sonoma,prop_1_measure_2024,ballot_measure,PCT_0086,1433,601,0.4201,0.3858,-0.2285
2016,CA,Sonoma,presidential_2016,presidential,PCT_0087,1305,1134,0.8694,0.5677,0.1353
2018,CA,Sonoma,gov_midterm_2018,midterm,PCT_0087,1214,881,0.7257,0.4988,-0.0024
2020,CA,Sonoma,presidential_2020,presidential,PCT_0087,791,589,0.7457,0.6436,0.2871
2022,CA,Sonoma,local_general_2022,local_general,PCT_0087,779,532,0.6829,0.5269,0.0538
2024,CA,Sonoma,prop_1_measure_2024,ballot_measure,PCT_0087,1061,779,0.7348,0.5838,0.1676
2016,CA,Sonoma,presidential_2016,presidential,PCT_0088,883,706,0.8001,0.6527,0.3055
2018,CA,Sonoma,gov_midterm_2018,midterm,PCT_0088,950,749,0.7888,0.6632,0.3263
2020,CA,Sonoma,presidential_2020,presidential,PCT_0088,1146,964,0.8416,0.6973,0.3946
2022,CA,Sonoma,local_general_2022,local_general,PCT_0088,1036,614,0.5936,0.6586,0.3172
2024,CA,Sonoma,prop_1_measure_2024,ballot_measure,PCT_0088,869,549,0.632,0.6679,0.3358
2016,CA,Sonoma,presidential_2016,presidential,PCT_0089,1061,834,0.7869,0.6483,0.2966
2018,CA,Sonoma,gov_midterm_2018,midterm,PCT_0089,1520,957,0.63,0.5482,0.0965
2020,CA,Sonoma,presidential_2020,presidential,PCT_0089,1150,828,0.7208,0.7008,0.4015
2022,CA,Sonoma,local_general_2022,local_general,PCT_0089,1134,617,0.5448,0.5751,0.1501
2024,CA,Sonoma,prop_1_measure_2024,ballot_measure,PCT_0089,958,487,0.5092,0.6073,0.2145
2016,CA,Sonoma,presidential_2016,presidential,PCT_0090,1117,733,0.6567,0.6155,0.2309
2018,CA,Sonoma,gov_midterm_2018,midterm,PCT_0090,1239,726,0.586,0.5865,0.1731
2020,CA,Sonoma,presidential_2020,presidential,PCT_0090,1002,678,0.6773,0.6256,0.2513
2022,CA,Sonoma,local_general_2022,local_general,PCT_0090,975,572,0.5875,0.5489,0.0977
2024,CA,Sonoma,prop_1_measure_2024,ballot_measure,PCT_0090,912,549,0.6026,0.5746,0.1492
2016,CA,Sonoma,presidential_2016,presidential,PCT_0091,1345,1114,0.8289,0.4586,-0.0829
2018,CA,Sonoma,gov_midterm_2018,midterm,PCT_0091,1186,804,0.678,0.3593,-0.2814
2020,CA,Sonoma,presidential_2020,presidential,PCT_0091,694,632,0.912,0.4197,-0.1605
2022,CA,Sonoma,local_general_2022,local_general,PCT_0091,1511,1013,0.6707,0.4566,-0.0869
2024,CA,Sonoma,prop_1_measure_2024,ballot_measure,PCT_0091,1308,1045,0.7992,0.5504,0.1008
2016,CA,Sonoma,presidential_2016,presidential,PCT_0092,1241,982,0.7919,0.5944,0.1889
2018,CA,Sonoma,gov_midterm_2018,midterm,PCT_0092,836,545,0.6528,0.6135,0.227
2020,CA,Sonoma,presidential_2020,presidential,PCT_0092,909,716,0.7878,0.6698,0.3395
2022,CA,Sonoma,local_general_2022,local_general,PCT_0092,1017,688,0.6768,0.5649,0.1298
2024,CA,Sonoma,prop_1_measure_2024,ballot_measure,PCT_0092,961,544,0.5671,0.5287,0.0573
2016,CA,Sonoma,presidential_2016,presidential,PCT_0093,1302,791,0.6081,0.337,-0.3259
2018,CA,Sonoma,gov_midterm_2018,midterm,PCT_0093,1370,736,0.5376,0.4173,-0.1653
2020,CA,Sonoma,presidential_2020,presidential,PCT_0093,954,504,0.5286,0.3696,-0.2607
2022,CA,Sonoma,local_general_2022,local_general,PCT_0093,1217,633,0.5208,0.4654,-0.0692
2024,CA,Sonoma,prop_1_measure_2024,ballot_measure,PCT_0093,902,334,0.3706,0.3953,-0.2094
2016,CA,Sonoma,presidential_2016,presidential,PCT_0094,646,398,0.6163,0.5965,0.1931
2018,CA,Sonoma,gov_midterm_2018,midterm,PCT_0094,1102,565,0.513,0.6178,0.2356
2020,CA,Sonoma,presidential_2020,presidential,PCT_0094,425,271,0.6382,0.7649,0.5298
2022,CA,Sonoma,local_general_2022,local_general,PCT_0094,1332,621,0.4668,0.6462,0.2923
2024,CA,Sonoma,prop_1_measure_2024,ballot_measure,PCT_0094,1093,480,0.4397,0.6914,0.3827
2016,CA,Sonoma,presidential_2016,presidential,PCT_0095,979,749,0.7652,0.5189,0.0378
2018,CA,Sonoma,gov_midterm_2018,midterm,PCT_0095,834,553,0.6641,0.5812,0.1623
2020,CA,Sonoma,presidential_2020,presidential,PCT_0095,1182,869,0.7353,0.6374,0.2748
2022,CA,Sonoma,local_general_2022,local_general,PCT_0095,945,590,0.6243,0.5254,0.0508
2024,CA,Sonoma,prop_1_measure_2024,ballot_measure,PCT_0095,515,344,0.6696,0.5996,0.1992
2016,CA,Sonoma,presidential_2016,presidential,PCT_0096,943,527,0.5599,0.5913,0.1826
2018,CA,Sonoma,gov_midterm_2018,midterm,PCT_0096,687,295,0.4301,0.6052,0.2105
2020,CA,Sonoma,presidential_2020,presidential,PCT_0096,749,427,0.5712,0.4977,-0.0046
2022,CA,Sonoma,local_general_2022,local_general,PCT_0096,1093,442,0.4048,0.4848,-0.0305
2024,CA,Sonoma,prop_1_measure_2024,ballot_measure,PCT_0096,1232,455,0.3698,0.525,0.05
2016,CA,Sonoma,presidential_2016,presidential,PCT_0097,796,643,0.8083,0.5459,0.0919
2018,CA,Sonoma,gov_midterm_2018,midterm,PCT_0097,1138,812,0.714,0.5061,0.0123
2020,CA,Sonoma,presidential_2020,presidential,PCT_0097,834,675,0.8095,0.4709,-0.0582
2022,CA,Sonoma,local_general_2022,local_general,PCT_0097,415,280,0.677,0.5697,0.1394
2024,CA,Sonoma,prop_1_measure_2024,ballot_measure,PCT_0097,527,318,0.6047,0.5554,0.1109
2016,CA,Sonoma,presidential_2016,presidential,PCT_0098,1411,789,0.5595,0.5737,0.1475
2018,CA,Sonoma,gov_midterm_2018,midterm,PCT_0098,870,372,0.4287,0.4809,-0.0383
2020,CA,Sonoma,presidential_2020,presidential,PCT_0098,809,465,0.5748,0.5862,0.1725
2022,CA,Sonoma,local_general_2022,local_general,PCT_0098,1064,432,0.4061,0.4904,-0.0192
2024,CA,Sonoma,prop_1_measure_2024,ballot_measure,PCT_0098,687,317,0.4628,0.5011,0.0022
2016,CA,Sonoma,presidential_2016,presidential,PCT_0099,1059,713,0.674,0.4778,-0.0444
2018,CA,Sonoma,gov_midterm_2018,midterm,PCT_0099,1229,758,0.6173,0.4272,-0.1456
2020,CA,Sonoma,presidential_2020,presidential,PCT_0099,1183,802,0.6782,0.5928,0.1856
2022,CA,Sonoma,local_general_2022,local_general,PCT_0099,1216,655,0.5392,0.5632,0.1264
2024,CA,Sonoma,prop_1_measure_2024,ballot_measure,PCT_0099,1013,612,0.6042,0.5234,0.0467
2016,CA,Sonoma,presidential_2016,presidential,PCT_0100,830,640,0.7712,0.4065,-0.187
2018,CA,Sonoma,gov_midterm_2018,midterm,PCT_0100,808,572,0.7092,0.5298,0.0597
2020,CA,Sonoma,presidential_2020,presidential,PCT_0100,786,620,0.7892,0.4973,-0.0054
2022,CA,Sonoma,local_general_2022,local_general,PCT_0100,984,650,0.6606,0.3736,-0.2528
2024,CA,Sonoma,prop_1_measure_2024,ballot_measure,PCT_0100,1085,682,0.6286,0.476,-0.048
